{"eval_loss": 2.7236640453338623, "eval_mse": 18.92317256323848, "eval_r2": -6.199442321094507, "eval_runtime": 0.2668, "eval_samples_per_second": 277.337, "eval_steps_per_second": 18.739, "epoch": 20.0}