{"eval_loss": 2.6375951766967773, "eval_mse": 18.92317256323848, "eval_r2": -6.199442321094507, "eval_runtime": 0.2741, "eval_samples_per_second": 269.982, "eval_steps_per_second": 18.242, "epoch": 5.0}