{"eval_loss": 1.391878366470337, "eval_mse": 5.086246861536295, "eval_r2": -1.8448252800317078, "eval_runtime": 6.5453, "eval_samples_per_second": 262.63, "eval_steps_per_second": 16.5, "epoch": 10.0}