{
  "best_metric": 1.217020869255066,
  "best_model_checkpoint": "/home/asm242/EntexExpress/exp12/output/checkpoint-200",
  "epoch": 1.36986301369863,
  "global_step": 200,
  "is_hyper_param_search": false,
  "is_local_process_zero": true,
  "is_world_process_zero": true,
  "log_history": [
    {
      "epoch": 0.68,
      "learning_rate": 2.7926470588235297e-05,
      "loss": 1.2853,
      "step": 100
    },
    {
      "epoch": 1.37,
      "learning_rate": 2.351470588235294e-05,
      "loss": 1.2118,
      "step": 200
    },
    {
      "epoch": 1.37,
      "eval_accuracy": 0.496551724137931,
      "eval_f1": 0.32454710988340213,
      "eval_loss": 1.217020869255066,
      "eval_matthews_correlation": 0.32993814283383693,
      "eval_precision": 0.33412821650399294,
      "eval_recall": 0.40615384615384614,
      "eval_runtime": 0.3245,
      "eval_samples_per_second": 446.829,
      "eval_steps_per_second": 30.816,
      "step": 200
    }
  ],
  "max_steps": 730,
  "num_train_epochs": 5,
  "total_flos": 500888937538080.0,
  "trial_name": null,
  "trial_params": null
}
