{"eval_loss": 0.11884613335132599, "eval_mse": 0.11884613335132599, "eval_r2": 0.4431622793862764, "eval_runtime": 1.4721, "eval_samples_per_second": 1103.885, "eval_steps_per_second": 69.29, "epoch": 20.0}