{"eval_loss": 1.5863546133041382, "eval_mse": 5.086246861536295, "eval_r2": -1.8448252800317078, "eval_runtime": 6.5738, "eval_samples_per_second": 261.493, "eval_steps_per_second": 16.429, "epoch": 5.0}