{"eval_loss": 1.0331934690475464, "eval_accuracy": 0.5026178010471204, "eval_f1": 0.38241635889056075, "eval_matthews_correlation": 0.23661488327805796, "eval_precision": 0.36382552047109007, "eval_recall": 0.4448438489484385, "eval_runtime": 6.4645, "eval_samples_per_second": 265.913, "eval_steps_per_second": 16.707, "epoch": 5.0}