{"eval_loss": 1.0197833776474, "eval_accuracy": 0.49796393251890636, "eval_f1": 0.37465072320841547, "eval_matthews_correlation": 0.2369999740793622, "eval_precision": 0.375232357957996, "eval_recall": 0.43800536613005364, "eval_runtime": 6.5058, "eval_samples_per_second": 264.226, "eval_steps_per_second": 16.601, "epoch": 5.0}