{
  "best_metric": 3.474209785461426,
  "best_model_checkpoint": "/home/asm242/EntexExpress/exp10/output/checkpoint-200",
  "epoch": 2.73972602739726,
  "global_step": 200,
  "is_hyper_param_search": false,
  "is_local_process_zero": true,
  "is_world_process_zero": true,
  "log_history": [
    {
      "epoch": 1.37,
      "learning_rate": 9.680851063829787e-06,
      "loss": 12.3165,
      "step": 100
    },
    {
      "epoch": 2.74,
      "learning_rate": 8.971631205673759e-06,
      "loss": 3.8161,
      "step": 200
    },
    {
      "epoch": 2.74,
      "eval_loss": 3.474209785461426,
      "eval_mse": 19.2236824496208,
      "eval_r2": -4.627922096808787,
      "eval_runtime": 0.2697,
      "eval_samples_per_second": 266.959,
      "eval_steps_per_second": 18.539,
      "step": 200
    }
  ],
  "max_steps": 1460,
  "num_train_epochs": 20,
  "total_flos": 500564369542080.0,
  "trial_name": null,
  "trial_params": null
}
