{"eval_loss": 2.41348934173584, "eval_mse": 2.41348934173584, "eval_r2": 0.07920640957834868, "eval_runtime": 0.5846, "eval_samples_per_second": 249.745, "eval_steps_per_second": 17.106, "epoch": 10.0}