{"eval_loss": 2.433708429336548, "eval_mse": 12.653762801458198, "eval_r2": -3.8276589195009283, "eval_runtime": 0.5893, "eval_samples_per_second": 247.762, "eval_steps_per_second": 16.97, "epoch": 20.0}