{
  "best_metric": 0.47404155135154724,
  "best_model_checkpoint": "/home/asm242/EntexExpress/exp05/output/checkpoint-200",
  "epoch": 1.36986301369863,
  "global_step": 200,
  "is_hyper_param_search": false,
  "is_local_process_zero": true,
  "is_world_process_zero": true,
  "log_history": [
    {
      "epoch": 0.68,
      "learning_rate": 2.783823529411765e-05,
      "loss": 0.6125,
      "step": 100
    },
    {
      "epoch": 1.37,
      "learning_rate": 2.3558823529411765e-05,
      "loss": 0.5249,
      "step": 200
    },
    {
      "epoch": 1.37,
      "eval_accuracy": 0.8068965517241379,
      "eval_f1": 0.8019125683060109,
      "eval_loss": 0.47404155135154724,
      "eval_matthews_correlation": 0.6196222237042267,
      "eval_precision": 0.8198005698005698,
      "eval_recall": 0.8001336898395721,
      "eval_runtime": 0.5729,
      "eval_samples_per_second": 253.103,
      "eval_steps_per_second": 17.455,
      "step": 200
    }
  ],
  "max_steps": 730,
  "num_train_epochs": 5,
  "total_flos": 500882175444240.0,
  "trial_name": null,
  "trial_params": null
}
