{"eval_loss": 1.0880688428878784, "eval_accuracy": 0.38875, "eval_f1": 0.1866186618661866, "eval_matthews_correlation": 0.0, "eval_precision": 0.12958333333333333, "eval_recall": 0.3333333333333333, "eval_runtime": 3.9796, "eval_samples_per_second": 402.05, "eval_steps_per_second": 25.128, "epoch": 5.0}