{"eval_loss": 1.0682116746902466, "eval_accuracy": 0.4825, "eval_f1": 0.3476186357608257, "eval_matthews_correlation": 0.15247496740069133, "eval_precision": 0.31685850978163044, "eval_recall": 0.40375474104377496, "eval_runtime": 6.4626, "eval_samples_per_second": 247.579, "eval_steps_per_second": 15.474, "epoch": 5.0}